11;OF 1721 C/AR EURO 5;1;MOTOR;0048001;65390;7058
11;OF 1721 C/AR EURO 5;1;MOTOR;0048007;5703;5472
11;OF 1721 C/AR EURO 5;1;MOTOR;0048008;84977;8656
11;OF 1721 C/AR EURO 5;1;MOTOR;0048010;59790;3609
11;OF 1721 C/AR EURO 5;1;MOTOR;0048011;103917;8465
11;OF 1721 C/AR EURO 5;1;MOTOR;0048013;135054;14708
11;OF 1721 C/AR EURO 5;1;MOTOR;0048015;49200;2077
11;OF 1721 C/AR EURO 5;1;MOTOR;0048016;165268;2184
11;OF 1721 C/AR EURO 5;1;MOTOR;0048022;61939;2814
11;OF 1721 C/AR EURO 5;1;MOTOR;0048024;95758;3857
11;OF 1721 C/AR EURO 5;1;MOTOR;0048027;4043;4043
11;OF 1721 C/AR EURO 5;1;MOTOR;0048029;80793;1050
11;OF 1721 C/AR EURO 5;1;MOTOR;0048035;33307;6356
11;OF 1721 C/AR EURO 5;1;MOTOR;0048036;43561;4200
11;OF 1721 C/AR EURO 5;1;MOTOR;0048039;47576;12199
11;OF 1721 C/AR EURO 5;1;MOTOR;0048040;5229;1864
11;OF 1721 C/AR EURO 5;1;MOTOR;0048041;86795;2679
11;OF 1721 C/AR EURO 5;1;MOTOR;0048043;14555;2902
11;OF 1721 C/AR EURO 5;1;MOTOR;0048045;125641;7982
11;OF 1721 C/AR EURO 5;1;MOTOR;0048048;0;0
11;OF 1721 C/AR EURO 5;1;MOTOR;0048053;115552;6553
11;OF 1721 C/AR EURO 5;1;MOTOR;0048063;99610;15332
11;OF 1721 C/AR EURO 5;1;MOTOR;0048066;74865;3225
11;OF 1721 C/AR EURO 5;1;MOTOR;0048071;143180;3807
11;OF 1721 C/AR EURO 5;1;MOTOR;0048074;75795;7848
11;OF 1721 C/AR EURO 5;1;MOTOR;0048075;118492;11690
11;OF 1721 C/AR EURO 5;1;MOTOR;0048079;21997;3391
11;OF 1721 C/AR EURO 5;1;MOTOR;0048081;6386;6386
11;OF 1721 C/AR EURO 5;1;MOTOR;0048082;39468;3864
11;OF 1721 C/AR EURO 5;1;MOTOR;0048083;228742;4766
11;OF 1721 C/AR EURO 5;1;MOTOR;0048086;32862;8379
11;OF 1721 C/AR EURO 5;1;MOTOR;0048087;34527;4906
11;OF 1721 C/AR EURO 5;1;MOTOR;0048088;4085;896
11;OF 1721 C/AR EURO 5;1;MOTOR;0048089;13555;13555
11;OF 1721 C/AR EURO 5;1;MOTOR;0048097;17250;5866
11;OF 1721 C/AR EURO 5;1;MOTOR;0048099;26447;11284
11;OF 1721 C/AR EURO 5;1;MOTOR;0048100;36153;11946
11;OF 1721 C/AR EURO 5;1;MOTOR;0048102;65044;6855
11;OF 1721 C/AR EURO 5;1;MOTOR;0048107;0;0
11;OF 1721 C/AR EURO 5;1;MOTOR;0048109;5632;5632
11;OF 1721 C/AR EURO 5;1;MOTOR;0048111;40803;7306
11;OF 1721 C/AR EURO 5;1;MOTOR;0048115;11052;1080
11;OF 1721 C/AR EURO 5;1;MOTOR;0048130;109251;9987
11;OF 1721 C/AR EURO 5;1;MOTOR;0048138;14392;7157
11;OF 1721 C/AR EURO 5;1;MOTOR;0048140;7340;7340
11;OF 1721 C/AR EURO 5;1;MOTOR;0048145;8374;4606
11;OF 1721 C/AR EURO 5;1;MOTOR;0048149;11920;1018
11;OF 1721 C/AR EURO 5;1;MOTOR;0048151;2197;2197
11;OF 1721 C/AR EURO 5;1;MOTOR;0048152;9911;1690
11;OF 1721 C/AR EURO 5;1;MOTOR;0048153;76168;8321
11;OF 1721 C/AR EURO 5;1;MOTOR;0048176;12365;8738
11;OF 1721 C/AR EURO 5;2;ARREFECIMENTO;0048001;20464;7217
11;OF 1721 C/AR EURO 5;2;ARREFECIMENTO;0048007;24077;22852
11;OF 1721 C/AR EURO 5;2;ARREFECIMENTO;0048008;40389;8656
11;OF 1721 C/AR EURO 5;2;ARREFECIMENTO;0048010;119377;22277
11;OF 1721 C/AR EURO 5;2;ARREFECIMENTO;0048011;27192;27192
11;OF 1721 C/AR EURO 5;2;ARREFECIMENTO;0048012;58533;7752
11;OF 1721 C/AR EURO 5;2;ARREFECIMENTO;0048013;18383;17882
11;OF 1721 C/AR EURO 5;2;ARREFECIMENTO;0048015;24037;24037
11;OF 1721 C/AR EURO 5;2;ARREFECIMENTO;0048016;98839;2184
11;OF 1721 C/AR EURO 5;2;ARREFECIMENTO;0048022;24986;24986
11;OF 1721 C/AR EURO 5;2;ARREFECIMENTO;0048024;96059;3857
11;OF 1721 C/AR EURO 5;2;ARREFECIMENTO;0048027;29493;27246
11;OF 1721 C/AR EURO 5;2;ARREFECIMENTO;0048029;12930;11198
11;OF 1721 C/AR EURO 5;2;ARREFECIMENTO;0048035;53462;24678
11;OF 1721 C/AR EURO 5;2;ARREFECIMENTO;0048036;86078;4200
11;OF 1721 C/AR EURO 5;2;ARREFECIMENTO;0048039;46659;25909
11;OF 1721 C/AR EURO 5;2;ARREFECIMENTO;0048040;18733;10087
11;OF 1721 C/AR EURO 5;2;ARREFECIMENTO;0048041;4181;4181
11;OF 1721 C/AR EURO 5;2;ARREFECIMENTO;0048043;24835;2902
11;OF 1721 C/AR EURO 5;2;ARREFECIMENTO;0048045;19349;12893
11;OF 1721 C/AR EURO 5;2;ARREFECIMENTO;0048048;3396;3396
11;OF 1721 C/AR EURO 5;2;ARREFECIMENTO;0048053;14073;14073
11;OF 1721 C/AR EURO 5;2;ARREFECIMENTO;0048063;49243;21814
11;OF 1721 C/AR EURO 5;2;ARREFECIMENTO;0048066;4243;4243
11;OF 1721 C/AR EURO 5;2;ARREFECIMENTO;0048071;157616;20047
11;OF 1721 C/AR EURO 5;2;ARREFECIMENTO;0048074;46075;7848
11;OF 1721 C/AR EURO 5;2;ARREFECIMENTO;0048075;22794;13954
11;OF 1721 C/AR EURO 5;2;ARREFECIMENTO;0048079;8591;8591
11;OF 1721 C/AR EURO 5;2;ARREFECIMENTO;0048081;72685;18217
11;OF 1721 C/AR EURO 5;2;ARREFECIMENTO;0048082;97133;3864
11;OF 1721 C/AR EURO 5;2;ARREFECIMENTO;0048083;27974;12558
11;OF 1721 C/AR EURO 5;2;ARREFECIMENTO;0048086;83556;8633
11;OF 1721 C/AR EURO 5;2;ARREFECIMENTO;0048087;34527;33181
11;OF 1721 C/AR EURO 5;2;ARREFECIMENTO;0048088;3606;3606
11;OF 1721 C/AR EURO 5;2;ARREFECIMENTO;0048089;88625;17099
11;OF 1721 C/AR EURO 5;2;ARREFECIMENTO;0048097;3759;3759
11;OF 1721 C/AR EURO 5;2;ARREFECIMENTO;0048099;3161;3161
11;OF 1721 C/AR EURO 5;2;ARREFECIMENTO;0048100;16641;16641
11;OF 1721 C/AR EURO 5;2;ARREFECIMENTO;0048102;132473;11352
11;OF 1721 C/AR EURO 5;2;ARREFECIMENTO;0048107;47320;34165
11;OF 1721 C/AR EURO 5;2;ARREFECIMENTO;0048109;36576;19049
11;OF 1721 C/AR EURO 5;2;ARREFECIMENTO;0048111;5091;5091
11;OF 1721 C/AR EURO 5;2;ARREFECIMENTO;0048115;27860;22254
11;OF 1721 C/AR EURO 5;2;ARREFECIMENTO;0048130;66177;9987
11;OF 1721 C/AR EURO 5;2;ARREFECIMENTO;0048138;14390;14390
11;OF 1721 C/AR EURO 5;2;ARREFECIMENTO;0048140;15008;15008
11;OF 1721 C/AR EURO 5;2;ARREFECIMENTO;0048145;121467;22866
11;OF 1721 C/AR EURO 5;2;ARREFECIMENTO;0048149;10142;10142
11;OF 1721 C/AR EURO 5;2;ARREFECIMENTO;0048151;7257;4316
11;OF 1721 C/AR EURO 5;2;ARREFECIMENTO;0048152;57738;17268
11;OF 1721 C/AR EURO 5;2;ARREFECIMENTO;0048153;8320;8320
11;OF 1721 C/AR EURO 5;2;ARREFECIMENTO;0048176;8058;8058
11;OF 1721 C/AR EURO 5;3;EMBREAGEM;0048001;13647;7217
11;OF 1721 C/AR EURO 5;3;EMBREAGEM;0048007;206699;22852
11;OF 1721 C/AR EURO 5;3;EMBREAGEM;0048008;63534;8656
11;OF 1721 C/AR EURO 5;3;EMBREAGEM;0048010;211753;22277
11;OF 1721 C/AR EURO 5;3;EMBREAGEM;0048011;27192;27192
11;OF 1721 C/AR EURO 5;3;EMBREAGEM;0048012;45713;7752
11;OF 1721 C/AR EURO 5;3;EMBREAGEM;0048013;67004;17882
11;OF 1721 C/AR EURO 5;3;EMBREAGEM;0048015;18188;18188
11;OF 1721 C/AR EURO 5;3;EMBREAGEM;0048016;113980;2184
11;OF 1721 C/AR EURO 5;3;EMBREAGEM;0048022;129767;37443
11;OF 1721 C/AR EURO 5;3;EMBREAGEM;0048027;6581;6581
11;OF 1721 C/AR EURO 5;3;EMBREAGEM;0048029;35721;11198
11;OF 1721 C/AR EURO 5;3;EMBREAGEM;0048035;16143;16143
11;OF 1721 C/AR EURO 5;3;EMBREAGEM;0048036;34583;4200
11;OF 1721 C/AR EURO 5;3;EMBREAGEM;0048039;41762;25909
11;OF 1721 C/AR EURO 5;3;EMBREAGEM;0048040;132053;10087
11;OF 1721 C/AR EURO 5;3;EMBREAGEM;0048041;44549;25621
11;OF 1721 C/AR EURO 5;3;EMBREAGEM;0048045;118472;12893
11;OF 1721 C/AR EURO 5;3;EMBREAGEM;0048048;2891;2891
11;OF 1721 C/AR EURO 5;3;EMBREAGEM;0048053;24159;24159
11;OF 1721 C/AR EURO 5;3;EMBREAGEM;0048063;27389;21814
11;OF 1721 C/AR EURO 5;3;EMBREAGEM;0048066;1746;1746
11;OF 1721 C/AR EURO 5;3;EMBREAGEM;0048071;12982;12982
11;OF 1721 C/AR EURO 5;3;EMBREAGEM;0048074;14477;7848
11;OF 1721 C/AR EURO 5;3;EMBREAGEM;0048075;188467;13954
11;OF 1721 C/AR EURO 5;3;EMBREAGEM;0048079;155128;21317
11;OF 1721 C/AR EURO 5;3;EMBREAGEM;0048081;173547;18217
11;OF 1721 C/AR EURO 5;3;EMBREAGEM;0048082;136016;3864
11;OF 1721 C/AR EURO 5;3;EMBREAGEM;0048083;1782;1782
11;OF 1721 C/AR EURO 5;3;EMBREAGEM;0048086;65823;8633
11;OF 1721 C/AR EURO 5;3;EMBREAGEM;0048087;20071;20071
11;OF 1721 C/AR EURO 5;3;EMBREAGEM;0048088;35470;35230
11;OF 1721 C/AR EURO 5;3;EMBREAGEM;0048089;261918;17099
11;OF 1721 C/AR EURO 5;3;EMBREAGEM;0048097;243790;30233
11;OF 1721 C/AR EURO 5;3;EMBREAGEM;0048099;10155;10155
11;OF 1721 C/AR EURO 5;3;EMBREAGEM;0048100;18651;18651
11;OF 1721 C/AR EURO 5;3;EMBREAGEM;0048102;174897;11352
11;OF 1721 C/AR EURO 5;3;EMBREAGEM;0048107;42359;34165
11;OF 1721 C/AR EURO 5;3;EMBREAGEM;0048109;272395;19049
11;OF 1721 C/AR EURO 5;3;EMBREAGEM;0048111;106505;35859
11;OF 1721 C/AR EURO 5;3;EMBREAGEM;0048115;77184;22254
11;OF 1721 C/AR EURO 5;3;EMBREAGEM;0048130;55380;9987
11;OF 1721 C/AR EURO 5;3;EMBREAGEM;0048138;21814;21814
11;OF 1721 C/AR EURO 5;3;EMBREAGEM;0048140;78534;23993
11;OF 1721 C/AR EURO 5;3;EMBREAGEM;0048145;97183;22866
11;OF 1721 C/AR EURO 5;3;EMBREAGEM;0048149;4773;4773
11;OF 1721 C/AR EURO 5;3;EMBREAGEM;0048151;39937;4316
11;OF 1721 C/AR EURO 5;3;EMBREAGEM;0048152;32997;17268
11;OF 1721 C/AR EURO 5;3;EMBREAGEM;0048153;78830;29584
11;OF 1721 C/AR EURO 5;3;EMBREAGEM;0048176;30658;8738
11;OF 1721 C/AR EURO 5;4;CAIXA DE MARCHA;0048001;74606;7058
11;OF 1721 C/AR EURO 5;4;CAIXA DE MARCHA;0048007;2885;2885
11;OF 1721 C/AR EURO 5;4;CAIXA DE MARCHA;0048008;41523;8656
11;OF 1721 C/AR EURO 5;4;CAIXA DE MARCHA;0048010;39423;13331
11;OF 1721 C/AR EURO 5;4;CAIXA DE MARCHA;0048011;17219;8465
11;OF 1721 C/AR EURO 5;4;CAIXA DE MARCHA;0048012;642;642
11;OF 1721 C/AR EURO 5;4;CAIXA DE MARCHA;0048013;118251;14708
11;OF 1721 C/AR EURO 5;4;CAIXA DE MARCHA;0048015;53441;4022
11;OF 1721 C/AR EURO 5;4;CAIXA DE MARCHA;0048016;129391;2184
11;OF 1721 C/AR EURO 5;4;CAIXA DE MARCHA;0048022;80338;2814
11;OF 1721 C/AR EURO 5;4;CAIXA DE MARCHA;0048024;35144;3857
11;OF 1721 C/AR EURO 5;4;CAIXA DE MARCHA;0048027;125455;8648
11;OF 1721 C/AR EURO 5;4;CAIXA DE MARCHA;0048029;99441;1050
11;OF 1721 C/AR EURO 5;4;CAIXA DE MARCHA;0048035;12906;12906
11;OF 1721 C/AR EURO 5;4;CAIXA DE MARCHA;0048036;3651;3651
11;OF 1721 C/AR EURO 5;4;CAIXA DE MARCHA;0048039;76118;17427
11;OF 1721 C/AR EURO 5;4;CAIXA DE MARCHA;0048040;84101;1864
11;OF 1721 C/AR EURO 5;4;CAIXA DE MARCHA;0048041;12410;9811
11;OF 1721 C/AR EURO 5;4;CAIXA DE MARCHA;0048043;14555;2902
11;OF 1721 C/AR EURO 5;4;CAIXA DE MARCHA;0048045;5367;5367
11;OF 1721 C/AR EURO 5;4;CAIXA DE MARCHA;0048048;0;0
11;OF 1721 C/AR EURO 5;4;CAIXA DE MARCHA;0048053;111292;6553
11;OF 1721 C/AR EURO 5;4;CAIXA DE MARCHA;0048063;171407;15332
11;OF 1721 C/AR EURO 5;4;CAIXA DE MARCHA;0048066;14090;3225
11;OF 1721 C/AR EURO 5;4;CAIXA DE MARCHA;0048071;34889;3807
11;OF 1721 C/AR EURO 5;4;CAIXA DE MARCHA;0048074;49021;7848
11;OF 1721 C/AR EURO 5;4;CAIXA DE MARCHA;0048075;36006;11690
11;OF 1721 C/AR EURO 5;4;CAIXA DE MARCHA;0048079;54959;16987
11;OF 1721 C/AR EURO 5;4;CAIXA DE MARCHA;0048081;88127;18217
11;OF 1721 C/AR EURO 5;4;CAIXA DE MARCHA;0048082;14890;3864
11;OF 1721 C/AR EURO 5;4;CAIXA DE MARCHA;0048083;72967;4766
11;OF 1721 C/AR EURO 5;4;CAIXA DE MARCHA;0048086;30157;8379
11;OF 1721 C/AR EURO 5;4;CAIXA DE MARCHA;0048087;145637;4906
11;OF 1721 C/AR EURO 5;4;CAIXA DE MARCHA;0048088;126815;896
11;OF 1721 C/AR EURO 5;4;CAIXA DE MARCHA;0048089;7128;7128
11;OF 1721 C/AR EURO 5;4;CAIXA DE MARCHA;0048097;35226;20726
11;OF 1721 C/AR EURO 5;4;CAIXA DE MARCHA;0048099;152288;11284
11;OF 1721 C/AR EURO 5;4;CAIXA DE MARCHA;0048100;34818;16076
11;OF 1721 C/AR EURO 5;4;CAIXA DE MARCHA;0048102;1249;1249
11;OF 1721 C/AR EURO 5;4;CAIXA DE MARCHA;0048107;39519;8459
11;OF 1721 C/AR EURO 5;4;CAIXA DE MARCHA;0048109;5632;5632
11;OF 1721 C/AR EURO 5;4;CAIXA DE MARCHA;0048111;140530;7306
11;OF 1721 C/AR EURO 5;4;CAIXA DE MARCHA;0048115;29929;1080
11;OF 1721 C/AR EURO 5;4;CAIXA DE MARCHA;0048130;509;509
11;OF 1721 C/AR EURO 5;4;CAIXA DE MARCHA;0048138;65291;16515
11;OF 1721 C/AR EURO 5;4;CAIXA DE MARCHA;0048140;11831;9059
11;OF 1721 C/AR EURO 5;4;CAIXA DE MARCHA;0048145;78304;4606
11;OF 1721 C/AR EURO 5;4;CAIXA DE MARCHA;0048149;5787;1018
11;OF 1721 C/AR EURO 5;4;CAIXA DE MARCHA;0048151;2197;2197
11;OF 1721 C/AR EURO 5;4;CAIXA DE MARCHA;0048152;32997;17268
11;OF 1721 C/AR EURO 5;4;CAIXA DE MARCHA;0048153;45704;8321
11;OF 1721 C/AR EURO 5;4;CAIXA DE MARCHA;0048176;68799;8738
11;OF 1721 C/AR EURO 5;5;EIXO DIANTEIRO;0048001;130297;7217
11;OF 1721 C/AR EURO 5;5;EIXO DIANTEIRO;0048007;142884;22852
11;OF 1721 C/AR EURO 5;5;EIXO DIANTEIRO;0048010;13331;13331
11;OF 1721 C/AR EURO 5;5;EIXO DIANTEIRO;0048011;131348;27192
11;OF 1721 C/AR EURO 5;5;EIXO DIANTEIRO;0048012;133172;7752
11;OF 1721 C/AR EURO 5;5;EIXO DIANTEIRO;0048022;36113;36113
11;OF 1721 C/AR EURO 5;5;EIXO DIANTEIRO;0048029;1341;1341
11;OF 1721 C/AR EURO 5;5;EIXO DIANTEIRO;0048035;58449;24678
11;OF 1721 C/AR EURO 5;5;EIXO DIANTEIRO;0048036;3651;3651
11;OF 1721 C/AR EURO 5;5;EIXO DIANTEIRO;0048040;166396;10087
11;OF 1721 C/AR EURO 5;5;EIXO DIANTEIRO;0048043;202890;2902
11;OF 1721 C/AR EURO 5;5;EIXO DIANTEIRO;0048066;167994;32790
11;OF 1721 C/AR EURO 5;5;EIXO DIANTEIRO;0048071;172337;20047
11;OF 1721 C/AR EURO 5;5;EIXO DIANTEIRO;0048074;311004;7848
11;OF 1721 C/AR EURO 5;5;EIXO DIANTEIRO;0048075;163611;13954
11;OF 1721 C/AR EURO 5;5;EIXO DIANTEIRO;0048079;118161;21317
11;OF 1721 C/AR EURO 5;5;EIXO DIANTEIRO;0048081;116224;18217
11;OF 1721 C/AR EURO 5;5;EIXO DIANTEIRO;0048082;3864;3864
11;OF 1721 C/AR EURO 5;5;EIXO DIANTEIRO;0048083;12558;12558
11;OF 1721 C/AR EURO 5;5;EIXO DIANTEIRO;0048086;99704;8633
11;OF 1721 C/AR EURO 5;5;EIXO DIANTEIRO;0048097;28526;28526
11;OF 1721 C/AR EURO 5;5;EIXO DIANTEIRO;0048102;102;102
11;OF 1721 C/AR EURO 5;5;EIXO DIANTEIRO;0048107;231074;34165
11;OF 1721 C/AR EURO 5;5;EIXO DIANTEIRO;0048115;9120;9120
11;OF 1721 C/AR EURO 5;5;EIXO DIANTEIRO;0048138;164213;29098
11;OF 1721 C/AR EURO 5;5;EIXO DIANTEIRO;0048145;30097;22866
11;OF 1721 C/AR EURO 5;5;EIXO DIANTEIRO;0048152;161071;17268
11;OF 1721 C/AR EURO 5;5;EIXO DIANTEIRO;0048153;102176;29584
11;OF 1721 C/AR EURO 5;6;EIXO TRASEIRO;0048001;6055;6055
11;OF 1721 C/AR EURO 5;6;EIXO TRASEIRO;0048007;247847;22852
11;OF 1721 C/AR EURO 5;6;EIXO TRASEIRO;0048008;133685;8299
11;OF 1721 C/AR EURO 5;6;EIXO TRASEIRO;0048010;162991;6058
11;OF 1721 C/AR EURO 5;6;EIXO TRASEIRO;0048013;113828;9935
11;OF 1721 C/AR EURO 5;6;EIXO TRASEIRO;0048015;272998;8890
11;OF 1721 C/AR EURO 5;6;EIXO TRASEIRO;0048016;159423;2184
11;OF 1721 C/AR EURO 5;6;EIXO TRASEIRO;0048022;17458;13859
11;OF 1721 C/AR EURO 5;6;EIXO TRASEIRO;0048024;165584;3857
11;OF 1721 C/AR EURO 5;6;EIXO TRASEIRO;0048027;138628;7441
11;OF 1721 C/AR EURO 5;6;EIXO TRASEIRO;0048029;2466;2466
11;OF 1721 C/AR EURO 5;6;EIXO TRASEIRO;0048035;148860;24077
11;OF 1721 C/AR EURO 5;6;EIXO TRASEIRO;0048036;45976;4200
11;OF 1721 C/AR EURO 5;6;EIXO TRASEIRO;0048039;2276;2276
11;OF 1721 C/AR EURO 5;6;EIXO TRASEIRO;0048040;122340;6262
11;OF 1721 C/AR EURO 5;6;EIXO TRASEIRO;0048041;16318;16318
11;OF 1721 C/AR EURO 5;6;EIXO TRASEIRO;0048045;75422;10366
11;OF 1721 C/AR EURO 5;6;EIXO TRASEIRO;0048048;134570;18348
11;OF 1721 C/AR EURO 5;6;EIXO TRASEIRO;0048053;48872;24517
11;OF 1721 C/AR EURO 5;6;EIXO TRASEIRO;0048066;64430;29045
11;OF 1721 C/AR EURO 5;6;EIXO TRASEIRO;0048071;223629;20047
11;OF 1721 C/AR EURO 5;6;EIXO TRASEIRO;0048074;49021;7848
11;OF 1721 C/AR EURO 5;6;EIXO TRASEIRO;0048075;117781;13954
11;OF 1721 C/AR EURO 5;6;EIXO TRASEIRO;0048079;59280;21317
11;OF 1721 C/AR EURO 5;6;EIXO TRASEIRO;0048081;254;254
11;OF 1721 C/AR EURO 5;6;EIXO TRASEIRO;0048082;152269;3864
11;OF 1721 C/AR EURO 5;6;EIXO TRASEIRO;0048083;12558;774
11;OF 1721 C/AR EURO 5;6;EIXO TRASEIRO;0048086;130209;8633
11;OF 1721 C/AR EURO 5;6;EIXO TRASEIRO;0048087;9623;1009
11;OF 1721 C/AR EURO 5;6;EIXO TRASEIRO;0048097;20726;7511
11;OF 1721 C/AR EURO 5;6;EIXO TRASEIRO;0048099;23243;2142
11;OF 1721 C/AR EURO 5;6;EIXO TRASEIRO;0048100;2513;2513
11;OF 1721 C/AR EURO 5;6;EIXO TRASEIRO;0048102;157914;11352
11;OF 1721 C/AR EURO 5;6;EIXO TRASEIRO;0048107;275212;13487
11;OF 1721 C/AR EURO 5;6;EIXO TRASEIRO;0048109;64232;15490
11;OF 1721 C/AR EURO 5;6;EIXO TRASEIRO;0048111;8909;8909
11;OF 1721 C/AR EURO 5;6;EIXO TRASEIRO;0048130;166597;2618
11;OF 1721 C/AR EURO 5;6;EIXO TRASEIRO;0048138;46582;25160
11;OF 1721 C/AR EURO 5;6;EIXO TRASEIRO;0048140;113729;13696
11;OF 1721 C/AR EURO 5;6;EIXO TRASEIRO;0048145;9201;9201
11;OF 1721 C/AR EURO 5;6;EIXO TRASEIRO;0048149;62770;13890
11;OF 1721 C/AR EURO 5;6;EIXO TRASEIRO;0048151;257724;4316
11;OF 1721 C/AR EURO 5;6;EIXO TRASEIRO;0048152;136136;6041
11;OF 1721 C/AR EURO 5;6;EIXO TRASEIRO;0048176;5559;5559
11;OF 1721 C/AR EURO 5;7;SUSPENSAO;0048001;5377;5377
11;OF 1721 C/AR EURO 5;7;SUSPENSAO;0048007;5703;5703
11;OF 1721 C/AR EURO 5;7;SUSPENSAO;0048008;7160;6822
11;OF 1721 C/AR EURO 5;7;SUSPENSAO;0048010;10726;10726
11;OF 1721 C/AR EURO 5;7;SUSPENSAO;0048011;2826;2826
11;OF 1721 C/AR EURO 5;7;SUSPENSAO;0048012;11822;7752
11;OF 1721 C/AR EURO 5;7;SUSPENSAO;0048013;3565;3565
11;OF 1721 C/AR EURO 5;7;SUSPENSAO;0048015;4317;4317
11;OF 1721 C/AR EURO 5;7;SUSPENSAO;0048016;157;157
11;OF 1721 C/AR EURO 5;7;SUSPENSAO;0048022;158;158
11;OF 1721 C/AR EURO 5;7;SUSPENSAO;0048024;2113;2113
11;OF 1721 C/AR EURO 5;7;SUSPENSAO;0048027;15910;15910
11;OF 1721 C/AR EURO 5;7;SUSPENSAO;0048029;5526;5526
11;OF 1721 C/AR EURO 5;7;SUSPENSAO;0048035;19198;18945
11;OF 1721 C/AR EURO 5;7;SUSPENSAO;0048036;3651;3651
11;OF 1721 C/AR EURO 5;7;SUSPENSAO;0048039;13838;13838
11;OF 1721 C/AR EURO 5;7;SUSPENSAO;0048040;21087;10087
11;OF 1721 C/AR EURO 5;7;SUSPENSAO;0048041;5069;5069
11;OF 1721 C/AR EURO 5;7;SUSPENSAO;0048043;24604;2902
11;OF 1721 C/AR EURO 5;7;SUSPENSAO;0048045;11798;11798
11;OF 1721 C/AR EURO 5;7;SUSPENSAO;0048048;15719;15719
11;OF 1721 C/AR EURO 5;7;SUSPENSAO;0048053;3036;3036
11;OF 1721 C/AR EURO 5;7;SUSPENSAO;0048063;338;338
11;OF 1721 C/AR EURO 5;7;SUSPENSAO;0048066;23180;22843
11;OF 1721 C/AR EURO 5;7;SUSPENSAO;0048071;5520;5520
11;OF 1721 C/AR EURO 5;7;SUSPENSAO;0048074;2420;2119
11;OF 1721 C/AR EURO 5;7;SUSPENSAO;0048075;4747;4747
11;OF 1721 C/AR EURO 5;7;SUSPENSAO;0048079;6712;6712
11;OF 1721 C/AR EURO 5;7;SUSPENSAO;0048081;18056;0
11;OF 1721 C/AR EURO 5;7;SUSPENSAO;0048082;9399;3864
11;OF 1721 C/AR EURO 5;7;SUSPENSAO;0048083;774;475
11;OF 1721 C/AR EURO 5;7;SUSPENSAO;0048086;20406;1542
11;OF 1721 C/AR EURO 5;7;SUSPENSAO;0048087;318;318
11;OF 1721 C/AR EURO 5;7;SUSPENSAO;0048088;1195;1195
11;OF 1721 C/AR EURO 5;7;SUSPENSAO;0048089;3952;3952
11;OF 1721 C/AR EURO 5;7;SUSPENSAO;0048097;107;107
11;OF 1721 C/AR EURO 5;7;SUSPENSAO;0048099;839;839
11;OF 1721 C/AR EURO 5;7;SUSPENSAO;0048100;25518;25518
11;OF 1721 C/AR EURO 5;7;SUSPENSAO;0048102;21046;11352
11;OF 1721 C/AR EURO 5;7;SUSPENSAO;0048107;13975;13975
11;OF 1721 C/AR EURO 5;7;SUSPENSAO;0048109;1159;1159
11;OF 1721 C/AR EURO 5;7;SUSPENSAO;0048111;16865;16865
11;OF 1721 C/AR EURO 5;7;SUSPENSAO;0048115;7450;6863
11;OF 1721 C/AR EURO 5;7;SUSPENSAO;0048130;6319;6319
11;OF 1721 C/AR EURO 5;7;SUSPENSAO;0048138;2097;1409
11;OF 1721 C/AR EURO 5;7;SUSPENSAO;0048140;11831;11831
11;OF 1721 C/AR EURO 5;7;SUSPENSAO;0048145;22866;22866
11;OF 1721 C/AR EURO 5;7;SUSPENSAO;0048149;18997;18997
11;OF 1721 C/AR EURO 5;7;SUSPENSAO;0048151;4316;4316
11;OF 1721 C/AR EURO 5;7;SUSPENSAO;0048152;8648;8648
11;OF 1721 C/AR EURO 5;7;SUSPENSAO;0048153;13165;13165
11;OF 1721 C/AR EURO 5;7;SUSPENSAO;0048176;8738;8738
11;OF 1721 C/AR EURO 5;8;DIRECAO  HIDRAULICA;0048001;11323;7217
11;OF 1721 C/AR EURO 5;8;DIRECAO  HIDRAULICA;0048007;27988;22852
11;OF 1721 C/AR EURO 5;8;DIRECAO  HIDRAULICA;0048008;40389;8656
11;OF 1721 C/AR EURO 5;8;DIRECAO  HIDRAULICA;0048010;39122;22277
11;OF 1721 C/AR EURO 5;8;DIRECAO  HIDRAULICA;0048011;26563;26563
11;OF 1721 C/AR EURO 5;8;DIRECAO  HIDRAULICA;0048012;91450;7752
11;OF 1721 C/AR EURO 5;8;DIRECAO  HIDRAULICA;0048015;53441;37852
11;OF 1721 C/AR EURO 5;8;DIRECAO  HIDRAULICA;0048022;101550;37443
11;OF 1721 C/AR EURO 5;8;DIRECAO  HIDRAULICA;0048024;34542;3857
11;OF 1721 C/AR EURO 5;8;DIRECAO  HIDRAULICA;0048027;193234;27246
11;OF 1721 C/AR EURO 5;8;DIRECAO  HIDRAULICA;0048029;2466;2466
11;OF 1721 C/AR EURO 5;8;DIRECAO  HIDRAULICA;0048036;71853;4200
11;OF 1721 C/AR EURO 5;8;DIRECAO  HIDRAULICA;0048039;100538;25909
11;OF 1721 C/AR EURO 5;8;DIRECAO  HIDRAULICA;0048040;131151;10087
11;OF 1721 C/AR EURO 5;8;DIRECAO  HIDRAULICA;0048041;101721;25621
11;OF 1721 C/AR EURO 5;8;DIRECAO  HIDRAULICA;0048043;270352;2902
11;OF 1721 C/AR EURO 5;8;DIRECAO  HIDRAULICA;0048045;19509;12893
11;OF 1721 C/AR EURO 5;8;DIRECAO  HIDRAULICA;0048048;59554;18348
11;OF 1721 C/AR EURO 5;8;DIRECAO  HIDRAULICA;0048053;231564;24517
11;OF 1721 C/AR EURO 5;8;DIRECAO  HIDRAULICA;0048063;165226;21814
11;OF 1721 C/AR EURO 5;8;DIRECAO  HIDRAULICA;0048066;104266;32790
11;OF 1721 C/AR EURO 5;8;DIRECAO  HIDRAULICA;0048075;27081;13954
11;OF 1721 C/AR EURO 5;8;DIRECAO  HIDRAULICA;0048079;333787;21317
11;OF 1721 C/AR EURO 5;8;DIRECAO  HIDRAULICA;0048081;19184;18217
11;OF 1721 C/AR EURO 5;8;DIRECAO  HIDRAULICA;0048082;65593;3864
11;OF 1721 C/AR EURO 5;8;DIRECAO  HIDRAULICA;0048083;774;774
11;OF 1721 C/AR EURO 5;8;DIRECAO  HIDRAULICA;0048086;166766;8633
11;OF 1721 C/AR EURO 5;8;DIRECAO  HIDRAULICA;0048087;7940;7940
11;OF 1721 C/AR EURO 5;8;DIRECAO  HIDRAULICA;0048088;3009;3009
11;OF 1721 C/AR EURO 5;8;DIRECAO  HIDRAULICA;0048089;90329;17099
11;OF 1721 C/AR EURO 5;8;DIRECAO  HIDRAULICA;0048097;110653;30233
11;OF 1721 C/AR EURO 5;8;DIRECAO  HIDRAULICA;0048099;9136;9136
11;OF 1721 C/AR EURO 5;8;DIRECAO  HIDRAULICA;0048100;214740;26136
11;OF 1721 C/AR EURO 5;8;DIRECAO  HIDRAULICA;0048102;28941;11352
11;OF 1721 C/AR EURO 5;8;DIRECAO  HIDRAULICA;0048107;91875;34165
11;OF 1721 C/AR EURO 5;8;DIRECAO  HIDRAULICA;0048109;338523;19049
11;OF 1721 C/AR EURO 5;8;DIRECAO  HIDRAULICA;0048111;170133;35859
11;OF 1721 C/AR EURO 5;8;DIRECAO  HIDRAULICA;0048115;8917;8917
11;OF 1721 C/AR EURO 5;8;DIRECAO  HIDRAULICA;0048130;237915;9987
11;OF 1721 C/AR EURO 5;8;DIRECAO  HIDRAULICA;0048138;251056;29098
11;OF 1721 C/AR EURO 5;8;DIRECAO  HIDRAULICA;0048140;277781;23993
11;OF 1721 C/AR EURO 5;8;DIRECAO  HIDRAULICA;0048145;3935;3935
11;OF 1721 C/AR EURO 5;8;DIRECAO  HIDRAULICA;0048149;101631;37800
11;OF 1721 C/AR EURO 5;8;DIRECAO  HIDRAULICA;0048151;29611;4316
11;OF 1721 C/AR EURO 5;8;DIRECAO  HIDRAULICA;0048152;165345;17268
11;OF 1721 C/AR EURO 5;8;DIRECAO  HIDRAULICA;0048153;19136;19136
11;OF 1721 C/AR EURO 5;8;DIRECAO  HIDRAULICA;0048176;12704;8738
11;OF 1721 C/AR EURO 5;9;TRANSMISSAO;0048001;146158;7217
11;OF 1721 C/AR EURO 5;9;TRANSMISSAO;0048011;149767;27192
11;OF 1721 C/AR EURO 5;9;TRANSMISSAO;0048016;149572;2184
11;OF 1721 C/AR EURO 5;9;TRANSMISSAO;0048022;270924;37443
11;OF 1721 C/AR EURO 5;9;TRANSMISSAO;0048027;194891;27246
11;OF 1721 C/AR EURO 5;9;TRANSMISSAO;0048029;152437;11198
11;OF 1721 C/AR EURO 5;9;TRANSMISSAO;0048035;140358;24678
11;OF 1721 C/AR EURO 5;9;TRANSMISSAO;0048036;263218;4200
11;OF 1721 C/AR EURO 5;9;TRANSMISSAO;0048039;154922;25909
11;OF 1721 C/AR EURO 5;9;TRANSMISSAO;0048040;157597;10087
11;OF 1721 C/AR EURO 5;9;TRANSMISSAO;0048041;219475;25621
11;OF 1721 C/AR EURO 5;9;TRANSMISSAO;0048043;94889;2902
11;OF 1721 C/AR EURO 5;9;TRANSMISSAO;0048045;211790;12893
11;OF 1721 C/AR EURO 5;9;TRANSMISSAO;0048053;175830;24517
11;OF 1721 C/AR EURO 5;9;TRANSMISSAO;0048066;246314;32790
11;OF 1721 C/AR EURO 5;9;TRANSMISSAO;0048075;219419;13954
11;OF 1721 C/AR EURO 5;9;TRANSMISSAO;0048083;39639;12558
11;OF 1721 C/AR EURO 5;9;TRANSMISSAO;0048087;13015;13015
11;OF 1721 C/AR EURO 5;9;TRANSMISSAO;0048088;106701;35230
11;OF 1721 C/AR EURO 5;9;TRANSMISSAO;0048089;299795;17099
11;OF 1721 C/AR EURO 5;9;TRANSMISSAO;0048097;169177;30233
11;OF 1721 C/AR EURO 5;9;TRANSMISSAO;0048099;111064;11284
11;OF 1721 C/AR EURO 5;9;TRANSMISSAO;0048102;132473;11352
11;OF 1721 C/AR EURO 5;9;TRANSMISSAO;0048115;197477;22254
11;OF 1721 C/AR EURO 5;9;TRANSMISSAO;0048130;192661;9987
11;OF 1721 C/AR EURO 5;9;TRANSMISSAO;0048138;208231;29098
11;OF 1721 C/AR EURO 5;9;TRANSMISSAO;0048140;35574;23993
11;OF 1721 C/AR EURO 5;9;TRANSMISSAO;0048145;39212;22866
11;OF 1721 C/AR EURO 5;9;TRANSMISSAO;0048149;197853;37800
11;OF 1721 C/AR EURO 5;9;TRANSMISSAO;0048152;136581;17268
11;OF 1721 C/AR EURO 5;9;TRANSMISSAO;0048153;324703;29584
11;OF 1721 C/AR EURO 5;9;TRANSMISSAO;0048176;209693;8738
11;OF 1721 C/AR EURO 5;10;FREIO;0048001;13647;7217
11;OF 1721 C/AR EURO 5;10;FREIO;0048007;3220;3220
11;OF 1721 C/AR EURO 5;10;FREIO;0048008;8033;8033
11;OF 1721 C/AR EURO 5;10;FREIO;0048010;23984;22277
11;OF 1721 C/AR EURO 5;10;FREIO;0048011;10128;10128
11;OF 1721 C/AR EURO 5;10;FREIO;0048012;1051;1051
11;OF 1721 C/AR EURO 5;10;FREIO;0048013;4412;4412
11;OF 1721 C/AR EURO 5;10;FREIO;0048015;1190;1190
11;OF 1721 C/AR EURO 5;10;FREIO;0048016;6048;2184
11;OF 1721 C/AR EURO 5;10;FREIO;0048022;7764;7764
11;OF 1721 C/AR EURO 5;10;FREIO;0048024;5344;3857
11;OF 1721 C/AR EURO 5;10;FREIO;0048027;7757;7757
11;OF 1721 C/AR EURO 5;10;FREIO;0048029;23219;11198
11;OF 1721 C/AR EURO 5;10;FREIO;0048035;12906;12906
11;OF 1721 C/AR EURO 5;10;FREIO;0048036;16350;4200
11;OF 1721 C/AR EURO 5;10;FREIO;0048039;6631;6631
11;OF 1721 C/AR EURO 5;10;FREIO;0048040;21087;10087
11;OF 1721 C/AR EURO 5;10;FREIO;0048041;5369;5369
11;OF 1721 C/AR EURO 5;10;FREIO;0048043;11626;2902
11;OF 1721 C/AR EURO 5;10;FREIO;0048045;17002;12893
11;OF 1721 C/AR EURO 5;10;FREIO;0048048;0;0
11;OF 1721 C/AR EURO 5;10;FREIO;0048053;53897;24517
11;OF 1721 C/AR EURO 5;10;FREIO;0048063;21814;21814
11;OF 1721 C/AR EURO 5;10;FREIO;0048066;4575;4575
11;OF 1721 C/AR EURO 5;10;FREIO;0048071;35558;20047
11;OF 1721 C/AR EURO 5;10;FREIO;0048074;14477;7848
11;OF 1721 C/AR EURO 5;10;FREIO;0048075;22794;13954
11;OF 1721 C/AR EURO 5;10;FREIO;0048079;792;792
11;OF 1721 C/AR EURO 5;10;FREIO;0048081;19184;18217
11;OF 1721 C/AR EURO 5;10;FREIO;0048082;26862;3864
11;OF 1721 C/AR EURO 5;10;FREIO;0048083;26832;12558
11;OF 1721 C/AR EURO 5;10;FREIO;0048086;25951;8633
11;OF 1721 C/AR EURO 5;10;FREIO;0048087;2022;2022
11;OF 1721 C/AR EURO 5;10;FREIO;0048088;3606;3606
11;OF 1721 C/AR EURO 5;10;FREIO;0048089;9845;9845
11;OF 1721 C/AR EURO 5;10;FREIO;0048097;1264;1264
11;OF 1721 C/AR EURO 5;10;FREIO;0048099;30641;11284
11;OF 1721 C/AR EURO 5;10;FREIO;0048100;2513;2513
11;OF 1721 C/AR EURO 5;10;FREIO;0048102;13038;11352
11;OF 1721 C/AR EURO 5;10;FREIO;0048107;10790;10790
11;OF 1721 C/AR EURO 5;10;FREIO;0048109;264;264
11;OF 1721 C/AR EURO 5;10;FREIO;0048111;4416;4416
11;OF 1721 C/AR EURO 5;10;FREIO;0048115;6398;6398
11;OF 1721 C/AR EURO 5;10;FREIO;0048130;17507;9987
11;OF 1721 C/AR EURO 5;10;FREIO;0048138;340;340
11;OF 1721 C/AR EURO 5;10;FREIO;0048140;5129;5129
11;OF 1721 C/AR EURO 5;10;FREIO;0048145;3935;3935
11;OF 1721 C/AR EURO 5;10;FREIO;0048149;2661;2661
11;OF 1721 C/AR EURO 5;10;FREIO;0048151;3420;3420
11;OF 1721 C/AR EURO 5;10;FREIO;0048152;22057;17268
11;OF 1721 C/AR EURO 5;10;FREIO;0048153;31;31
11;OF 1721 C/AR EURO 5;10;FREIO;0048176;19379;8738
11;OF 1721 C/AR EURO 5;12;ELETRICA;0048001;5582;4451
11;OF 1721 C/AR EURO 5;12;ELETRICA;0048007;12178;6521
11;OF 1721 C/AR EURO 5;12;ELETRICA;0048008;1004;1004
11;OF 1721 C/AR EURO 5;12;ELETRICA;0048010;13968;5459
11;OF 1721 C/AR EURO 5;12;ELETRICA;0048011;4076;4076
11;OF 1721 C/AR EURO 5;12;ELETRICA;0048012;18034;4887
11;OF 1721 C/AR EURO 5;12;ELETRICA;0048013;2074;2074
11;OF 1721 C/AR EURO 5;12;ELETRICA;0048015;894;894
11;OF 1721 C/AR EURO 5;12;ELETRICA;0048016;1339;1339
11;OF 1721 C/AR EURO 5;12;ELETRICA;0048022;6616;4654
11;OF 1721 C/AR EURO 5;12;ELETRICA;0048024;3857;3857
11;OF 1721 C/AR EURO 5;12;ELETRICA;0048027;1662;298
11;OF 1721 C/AR EURO 5;12;ELETRICA;0048029;8693;2691
11;OF 1721 C/AR EURO 5;12;ELETRICA;0048035;298;298
11;OF 1721 C/AR EURO 5;12;ELETRICA;0048036;157;157
11;OF 1721 C/AR EURO 5;12;ELETRICA;0048039;4992;4759
11;OF 1721 C/AR EURO 5;12;ELETRICA;0048040;334;334
11;OF 1721 C/AR EURO 5;12;ELETRICA;0048041;13632;5069
11;OF 1721 C/AR EURO 5;12;ELETRICA;0048043;9928;554
11;OF 1721 C/AR EURO 5;12;ELETRICA;0048045;823;823
11;OF 1721 C/AR EURO 5;12;ELETRICA;0048048;6736;3396
11;OF 1721 C/AR EURO 5;12;ELETRICA;0048053;8213;2296
11;OF 1721 C/AR EURO 5;12;ELETRICA;0048063;338;338
11;OF 1721 C/AR EURO 5;12;ELETRICA;0048066;3903;3903
11;OF 1721 C/AR EURO 5;12;ELETRICA;0048071;12336;3807
11;OF 1721 C/AR EURO 5;12;ELETRICA;0048074;13325;2420
11;OF 1721 C/AR EURO 5;12;ELETRICA;0048075;300;300
11;OF 1721 C/AR EURO 5;12;ELETRICA;0048079;5956;452
11;OF 1721 C/AR EURO 5;12;ELETRICA;0048081;5745;2147
11;OF 1721 C/AR EURO 5;12;ELETRICA;0048082;10059;2399
11;OF 1721 C/AR EURO 5;12;ELETRICA;0048083;14681;2976
11;OF 1721 C/AR EURO 5;12;ELETRICA;0048086;13032;1843
11;OF 1721 C/AR EURO 5;12;ELETRICA;0048087;26949;2883
11;OF 1721 C/AR EURO 5;12;ELETRICA;0048088;6799;2549
11;OF 1721 C/AR EURO 5;12;ELETRICA;0048089;2559;2559
11;OF 1721 C/AR EURO 5;12;ELETRICA;0048097;8774;407
11;OF 1721 C/AR EURO 5;12;ELETRICA;0048099;9476;449
11;OF 1721 C/AR EURO 5;12;ELETRICA;0048100;986;400
11;OF 1721 C/AR EURO 5;12;ELETRICA;0048102;13511;102
11;OF 1721 C/AR EURO 5;12;ELETRICA;0048107;8109;299
11;OF 1721 C/AR EURO 5;12;ELETRICA;0048109;562;562
11;OF 1721 C/AR EURO 5;12;ELETRICA;0048111;1076;1076
11;OF 1721 C/AR EURO 5;12;ELETRICA;0048115;852;852
11;OF 1721 C/AR EURO 5;12;ELETRICA;0048130;4062;2618
11;OF 1721 C/AR EURO 5;12;ELETRICA;0048138;19245;7839
11;OF 1721 C/AR EURO 5;12;ELETRICA;0048140;3487;3487
11;OF 1721 C/AR EURO 5;12;ELETRICA;0048145;1514;1514
11;OF 1721 C/AR EURO 5;12;ELETRICA;0048149;0;0
11;OF 1721 C/AR EURO 5;12;ELETRICA;0048151;2197;402
11;OF 1721 C/AR EURO 5;12;ELETRICA;0048152;1690;330
11;OF 1721 C/AR EURO 5;12;ELETRICA;0048153;9001;314
11;OF 1721 C/AR EURO 5;12;ELETRICA;0048176;2512;371
11;OF 1721 C/AR EURO 5;14;BORRACHARIA;0048001;74851;7217
11;OF 1721 C/AR EURO 5;14;BORRACHARIA;0048007;31832;1532
11;OF 1721 C/AR EURO 5;14;BORRACHARIA;0048008;12309;1677
11;OF 1721 C/AR EURO 5;14;BORRACHARIA;0048010;39423;12477
11;OF 1721 C/AR EURO 5;14;BORRACHARIA;0048011;45456;2305
11;OF 1721 C/AR EURO 5;14;BORRACHARIA;0048013;62676;880
11;OF 1721 C/AR EURO 5;14;BORRACHARIA;0048015;201408;295
11;OF 1721 C/AR EURO 5;14;BORRACHARIA;0048016;5889;157
11;OF 1721 C/AR EURO 5;14;BORRACHARIA;0048022;142132;781
11;OF 1721 C/AR EURO 5;14;BORRACHARIA;0048024;17612;2412
11;OF 1721 C/AR EURO 5;14;BORRACHARIA;0048027;9872;298
11;OF 1721 C/AR EURO 5;14;BORRACHARIA;0048029;172488;2691
11;OF 1721 C/AR EURO 5;14;BORRACHARIA;0048035;128694;1793
11;OF 1721 C/AR EURO 5;14;BORRACHARIA;0048036;62918;1282
11;OF 1721 C/AR EURO 5;14;BORRACHARIA;0048039;75962;2276
11;OF 1721 C/AR EURO 5;14;BORRACHARIA;0048040;6262;856
11;OF 1721 C/AR EURO 5;14;BORRACHARIA;0048041;102343;2679
11;OF 1721 C/AR EURO 5;14;BORRACHARIA;0048043;155103;554
11;OF 1721 C/AR EURO 5;14;BORRACHARIA;0048045;21046;5367
11;OF 1721 C/AR EURO 5;14;BORRACHARIA;0048048;154665;3396
11;OF 1721 C/AR EURO 5;14;BORRACHARIA;0048053;455;455
11;OF 1721 C/AR EURO 5;14;BORRACHARIA;0048063;53523;1433
11;OF 1721 C/AR EURO 5;14;BORRACHARIA;0048066;60500;3903
11;OF 1721 C/AR EURO 5;14;BORRACHARIA;0048071;116615;1766
11;OF 1721 C/AR EURO 5;14;BORRACHARIA;0048074;61740;1500
11;OF 1721 C/AR EURO 5;14;BORRACHARIA;0048075;1510;1510
11;OF 1721 C/AR EURO 5;14;BORRACHARIA;0048079;53290;452
11;OF 1721 C/AR EURO 5;14;BORRACHARIA;0048081;126093;508
11;OF 1721 C/AR EURO 5;14;BORRACHARIA;0048082;246044;1464
11;OF 1721 C/AR EURO 5;14;BORRACHARIA;0048083;168193;2976
11;OF 1721 C/AR EURO 5;14;BORRACHARIA;0048086;118558;1843
11;OF 1721 C/AR EURO 5;14;BORRACHARIA;0048087;231473;2883
11;OF 1721 C/AR EURO 5;14;BORRACHARIA;0048088;53255;2549
11;OF 1721 C/AR EURO 5;14;BORRACHARIA;0048089;106500;298
11;OF 1721 C/AR EURO 5;14;BORRACHARIA;0048097;111326;407
11;OF 1721 C/AR EURO 5;14;BORRACHARIA;0048099;43046;449
11;OF 1721 C/AR EURO 5;14;BORRACHARIA;0048100;175137;400
11;OF 1721 C/AR EURO 5;14;BORRACHARIA;0048102;35726;102
11;OF 1721 C/AR EURO 5;14;BORRACHARIA;0048107;1883;299
11;OF 1721 C/AR EURO 5;14;BORRACHARIA;0048109;121018;860
11;OF 1721 C/AR EURO 5;14;BORRACHARIA;0048111;4758;3271
11;OF 1721 C/AR EURO 5;14;BORRACHARIA;0048115;42855;2310
11;OF 1721 C/AR EURO 5;14;BORRACHARIA;0048130;259159;2618
11;OF 1721 C/AR EURO 5;14;BORRACHARIA;0048138;5853;4835
11;OF 1721 C/AR EURO 5;14;BORRACHARIA;0048140;46773;14059
11;OF 1721 C/AR EURO 5;14;BORRACHARIA;0048145;128636;1514
11;OF 1721 C/AR EURO 5;14;BORRACHARIA;0048149;10300;679
11;OF 1721 C/AR EURO 5;14;BORRACHARIA;0048151;72575;402
11;OF 1721 C/AR EURO 5;14;BORRACHARIA;0048152;78142;330
11;OF 1721 C/AR EURO 5;14;BORRACHARIA;0048153;34915;314
11;OF 1721 C/AR EURO 5;14;BORRACHARIA;0048176;172595;371
11;OF 1721 C/AR EURO 5;15;SISTEMA PNEUMATICO;0048001;11323;7217
11;OF 1721 C/AR EURO 5;15;SISTEMA PNEUMATICO;0048007;13633;13633
11;OF 1721 C/AR EURO 5;15;SISTEMA PNEUMATICO;0048008;14126;8656
11;OF 1721 C/AR EURO 5;15;SISTEMA PNEUMATICO;0048010;19885;19885
11;OF 1721 C/AR EURO 5;15;SISTEMA PNEUMATICO;0048011;31216;27192
11;OF 1721 C/AR EURO 5;15;SISTEMA PNEUMATICO;0048012;8348;7752
11;OF 1721 C/AR EURO 5;15;SISTEMA PNEUMATICO;0048013;6263;6263
11;OF 1721 C/AR EURO 5;15;SISTEMA PNEUMATICO;0048015;24552;24552
11;OF 1721 C/AR EURO 5;15;SISTEMA PNEUMATICO;0048016;102981;2184
11;OF 1721 C/AR EURO 5;15;SISTEMA PNEUMATICO;0048022;14022;14022
11;OF 1721 C/AR EURO 5;15;SISTEMA PNEUMATICO;0048024;36649;3857
11;OF 1721 C/AR EURO 5;15;SISTEMA PNEUMATICO;0048027;19237;19237
11;OF 1721 C/AR EURO 5;15;SISTEMA PNEUMATICO;0048029;42401;11198
11;OF 1721 C/AR EURO 5;15;SISTEMA PNEUMATICO;0048035;16143;16143
11;OF 1721 C/AR EURO 5;15;SISTEMA PNEUMATICO;0048036;13858;4200
11;OF 1721 C/AR EURO 5;15;SISTEMA PNEUMATICO;0048039;142726;25909
11;OF 1721 C/AR EURO 5;15;SISTEMA PNEUMATICO;0048040;69287;10087
11;OF 1721 C/AR EURO 5;15;SISTEMA PNEUMATICO;0048043;45229;2902
11;OF 1721 C/AR EURO 5;15;SISTEMA PNEUMATICO;0048045;84884;12893
11;OF 1721 C/AR EURO 5;15;SISTEMA PNEUMATICO;0048048;11685;11685
11;OF 1721 C/AR EURO 5;15;SISTEMA PNEUMATICO;0048053;14073;14073
11;OF 1721 C/AR EURO 5;15;SISTEMA PNEUMATICO;0048066;2887;2887
11;OF 1721 C/AR EURO 5;15;SISTEMA PNEUMATICO;0048071;20720;20047
11;OF 1721 C/AR EURO 5;15;SISTEMA PNEUMATICO;0048074;8450;7848
11;OF 1721 C/AR EURO 5;15;SISTEMA PNEUMATICO;0048075;2227;2227
11;OF 1721 C/AR EURO 5;15;SISTEMA PNEUMATICO;0048079;4072;4072
11;OF 1721 C/AR EURO 5;15;SISTEMA PNEUMATICO;0048081;23437;18217
11;OF 1721 C/AR EURO 5;15;SISTEMA PNEUMATICO;0048082;19048;3864
11;OF 1721 C/AR EURO 5;15;SISTEMA PNEUMATICO;0048083;64726;12558
11;OF 1721 C/AR EURO 5;15;SISTEMA PNEUMATICO;0048086;171735;8633
11;OF 1721 C/AR EURO 5;15;SISTEMA PNEUMATICO;0048087;14604;14604
11;OF 1721 C/AR EURO 5;15;SISTEMA PNEUMATICO;0048088;13005;13005
11;OF 1721 C/AR EURO 5;15;SISTEMA PNEUMATICO;0048089;65412;17099
11;OF 1721 C/AR EURO 5;15;SISTEMA PNEUMATICO;0048099;18878;11284
11;OF 1721 C/AR EURO 5;15;SISTEMA PNEUMATICO;0048100;18058;18058
11;OF 1721 C/AR EURO 5;15;SISTEMA PNEUMATICO;0048102;97391;11352
11;OF 1721 C/AR EURO 5;15;SISTEMA PNEUMATICO;0048107;44907;34165
11;OF 1721 C/AR EURO 5;15;SISTEMA PNEUMATICO;0048109;49189;19049
11;OF 1721 C/AR EURO 5;15;SISTEMA PNEUMATICO;0048111;2770;2770
11;OF 1721 C/AR EURO 5;15;SISTEMA PNEUMATICO;0048115;8917;8917
11;OF 1721 C/AR EURO 5;15;SISTEMA PNEUMATICO;0048130;109251;9987
11;OF 1721 C/AR EURO 5;15;SISTEMA PNEUMATICO;0048138;42352;29098
11;OF 1721 C/AR EURO 5;15;SISTEMA PNEUMATICO;0048140;51367;23993
11;OF 1721 C/AR EURO 5;15;SISTEMA PNEUMATICO;0048145;43119;22866
11;OF 1721 C/AR EURO 5;15;SISTEMA PNEUMATICO;0048149;66164;37800
11;OF 1721 C/AR EURO 5;15;SISTEMA PNEUMATICO;0048151;1003;1003
11;OF 1721 C/AR EURO 5;15;SISTEMA PNEUMATICO;0048152;89759;17268
11;OF 1721 C/AR EURO 5;15;SISTEMA PNEUMATICO;0048153;24163;24163
11;OF 1721 C/AR EURO 5;15;SISTEMA PNEUMATICO;0048176;81819;8738
11;OF 1721 C/AR EURO 5;16;TACOGRAFO;0048001;104590;7217
11;OF 1721 C/AR EURO 5;16;TACOGRAFO;0048013;116600;17882
11;OF 1721 C/AR EURO 5;16;TACOGRAFO;0048016;132717;2184
11;OF 1721 C/AR EURO 5;16;TACOGRAFO;0048027;184732;27246
11;OF 1721 C/AR EURO 5;16;TACOGRAFO;0048041;165580;25621
11;OF 1721 C/AR EURO 5;16;TACOGRAFO;0048043;111133;2902
11;OF 1721 C/AR EURO 5;16;TACOGRAFO;0048045;243101;12893
11;OF 1721 C/AR EURO 5;16;TACOGRAFO;0048071;140041;20047
11;OF 1721 C/AR EURO 5;16;TACOGRAFO;0048079;173395;21317
11;OF 1721 C/AR EURO 5;16;TACOGRAFO;0048081;153992;18217
11;OF 1721 C/AR EURO 5;16;TACOGRAFO;0048087;223495;33181
11;OF 1721 C/AR EURO 5;16;TACOGRAFO;0048088;190956;35230
11;OF 1721 C/AR EURO 5;16;TACOGRAFO;0048099;78865;11284
11;OF 1721 C/AR EURO 5;16;TACOGRAFO;0048107;127515;34165
11;OF 1721 C/AR EURO 5;16;TACOGRAFO;0048111;260062;35859
11;OF 1721 C/AR EURO 5;16;TACOGRAFO;0048115;75932;22254
11;OF 1721 C/AR EURO 5;16;TACOGRAFO;0048145;77871;22866
11;OF 1721 C/AR EURO 5;18;AR CONDICIONADO;0048001;1005;1005
11;OF 1721 C/AR EURO 5;18;AR CONDICIONADO;0048007;31832;6521
11;OF 1721 C/AR EURO 5;18;AR CONDICIONADO;0048008;12309;6485
11;OF 1721 C/AR EURO 5;18;AR CONDICIONADO;0048010;600;600
11;OF 1721 C/AR EURO 5;18;AR CONDICIONADO;0048011;20696;5048
11;OF 1721 C/AR EURO 5;18;AR CONDICIONADO;0048012;46905;4887
11;OF 1721 C/AR EURO 5;18;AR CONDICIONADO;0048013;52896;5714
11;OF 1721 C/AR EURO 5;18;AR CONDICIONADO;0048015;138544;5159
11;OF 1721 C/AR EURO 5;18;AR CONDICIONADO;0048016;43737;2184
11;OF 1721 C/AR EURO 5;18;AR CONDICIONADO;0048022;16200;4654
11;OF 1721 C/AR EURO 5;18;AR CONDICIONADO;0048024;128049;3857
11;OF 1721 C/AR EURO 5;18;AR CONDICIONADO;0048027;19237;298
11;OF 1721 C/AR EURO 5;18;AR CONDICIONADO;0048029;34258;2691
11;OF 1721 C/AR EURO 5;18;AR CONDICIONADO;0048035;14988;3531
11;OF 1721 C/AR EURO 5;18;AR CONDICIONADO;0048036;4655;1578
11;OF 1721 C/AR EURO 5;18;AR CONDICIONADO;0048039;9894;4759
11;OF 1721 C/AR EURO 5;18;AR CONDICIONADO;0048040;1192;856
11;OF 1721 C/AR EURO 5;18;AR CONDICIONADO;0048041;39628;5069
11;OF 1721 C/AR EURO 5;18;AR CONDICIONADO;0048043;12877;554
11;OF 1721 C/AR EURO 5;18;AR CONDICIONADO;0048045;30879;5367
11;OF 1721 C/AR EURO 5;18;AR CONDICIONADO;0048048;13003;3396
11;OF 1721 C/AR EURO 5;18;AR CONDICIONADO;0048053;228;228
11;OF 1721 C/AR EURO 5;18;AR CONDICIONADO;0048063;7408;3651
11;OF 1721 C/AR EURO 5;18;AR CONDICIONADO;0048066;71165;3903
11;OF 1721 C/AR EURO 5;18;AR CONDICIONADO;0048071;4280;3807
11;OF 1721 C/AR EURO 5;18;AR CONDICIONADO;0048074;27178;2420
11;OF 1721 C/AR EURO 5;18;AR CONDICIONADO;0048075;10986;2227
11;OF 1721 C/AR EURO 5;18;AR CONDICIONADO;0048079;9093;452
11;OF 1721 C/AR EURO 5;18;AR CONDICIONADO;0048081;7687;2147
11;OF 1721 C/AR EURO 5;18;AR CONDICIONADO;0048082;64919;2136
11;OF 1721 C/AR EURO 5;18;AR CONDICIONADO;0048083;298;298
11;OF 1721 C/AR EURO 5;18;AR CONDICIONADO;0048086;3680;1542
11;OF 1721 C/AR EURO 5;18;AR CONDICIONADO;0048087;33854;2883
11;OF 1721 C/AR EURO 5;18;AR CONDICIONADO;0048088;5004;2549
11;OF 1721 C/AR EURO 5;18;AR CONDICIONADO;0048089;13555;2810
11;OF 1721 C/AR EURO 5;18;AR CONDICIONADO;0048097;10330;407
11;OF 1721 C/AR EURO 5;18;AR CONDICIONADO;0048099;449;449
11;OF 1721 C/AR EURO 5;18;AR CONDICIONADO;0048100;6575;400
11;OF 1721 C/AR EURO 5;18;AR CONDICIONADO;0048102;17421;102
11;OF 1721 C/AR EURO 5;18;AR CONDICIONADO;0048107;97689;299
11;OF 1721 C/AR EURO 5;18;AR CONDICIONADO;0048109;36576;2950
11;OF 1721 C/AR EURO 5;18;AR CONDICIONADO;0048111;3111;3111
11;OF 1721 C/AR EURO 5;18;AR CONDICIONADO;0048115;65452;2310
11;OF 1721 C/AR EURO 5;18;AR CONDICIONADO;0048130;34522;2618
11;OF 1721 C/AR EURO 5;18;AR CONDICIONADO;0048138;12195;7839
11;OF 1721 C/AR EURO 5;18;AR CONDICIONADO;0048140;143557;6828
11;OF 1721 C/AR EURO 5;18;AR CONDICIONADO;0048145;61612;905
11;OF 1721 C/AR EURO 5;18;AR CONDICIONADO;0048149;49307;1296
11;OF 1721 C/AR EURO 5;18;AR CONDICIONADO;0048151;2524;402
11;OF 1721 C/AR EURO 5;18;AR CONDICIONADO;0048152;55972;330
11;OF 1721 C/AR EURO 5;18;AR CONDICIONADO;0048153;1444;314
11;OF 1721 C/AR EURO 5;18;AR CONDICIONADO;0048176;1230;371
11;OF 1721 C/AR EURO 5;20;SISTEMA DE COMBUSTIVEL;0048008;159735;8656
11;OF 1721 C/AR EURO 5;20;SISTEMA DE COMBUSTIVEL;0048010;162991;22277
11;OF 1721 C/AR EURO 5;20;SISTEMA DE COMBUSTIVEL;0048011;127391;27192
11;OF 1721 C/AR EURO 5;20;SISTEMA DE COMBUSTIVEL;0048013;31197;17882
11;OF 1721 C/AR EURO 5;20;SISTEMA DE COMBUSTIVEL;0048015;163683;37852
11;OF 1721 C/AR EURO 5;20;SISTEMA DE COMBUSTIVEL;0048024;137519;3857
11;OF 1721 C/AR EURO 5;20;SISTEMA DE COMBUSTIVEL;0048027;46593;27246
11;OF 1721 C/AR EURO 5;20;SISTEMA DE COMBUSTIVEL;0048029;70084;11198
11;OF 1721 C/AR EURO 5;20;SISTEMA DE COMBUSTIVEL;0048035;86954;24678
11;OF 1721 C/AR EURO 5;20;SISTEMA DE COMBUSTIVEL;0048036;143835;4200
11;OF 1721 C/AR EURO 5;20;SISTEMA DE COMBUSTIVEL;0048039;58094;25909
11;OF 1721 C/AR EURO 5;20;SISTEMA DE COMBUSTIVEL;0048040;138089;10087
11;OF 1721 C/AR EURO 5;20;SISTEMA DE COMBUSTIVEL;0048043;55469;2902
11;OF 1721 C/AR EURO 5;20;SISTEMA DE COMBUSTIVEL;0048045;184035;12893
11;OF 1721 C/AR EURO 5;20;SISTEMA DE COMBUSTIVEL;0048048;167758;18348
11;OF 1721 C/AR EURO 5;20;SISTEMA DE COMBUSTIVEL;0048053;115323;24517
11;OF 1721 C/AR EURO 5;20;SISTEMA DE COMBUSTIVEL;0048074;28657;7848
11;OF 1721 C/AR EURO 5;20;SISTEMA DE COMBUSTIVEL;0048075;2227;2227
11;OF 1721 C/AR EURO 5;20;SISTEMA DE COMBUSTIVEL;0048079;50042;21317
11;OF 1721 C/AR EURO 5;20;SISTEMA DE COMBUSTIVEL;0048081;126533;18217
11;OF 1721 C/AR EURO 5;20;SISTEMA DE COMBUSTIVEL;0048088;168790;35230
11;OF 1721 C/AR EURO 5;20;SISTEMA DE COMBUSTIVEL;0048089;160028;17099
11;OF 1721 C/AR EURO 5;20;SISTEMA DE COMBUSTIVEL;0048100;167169;26136
11;OF 1721 C/AR EURO 5;20;SISTEMA DE COMBUSTIVEL;0048107;10790;10790
11;OF 1721 C/AR EURO 5;20;SISTEMA DE COMBUSTIVEL;0048111;162171;35859
11;OF 1721 C/AR EURO 5;20;SISTEMA DE COMBUSTIVEL;0048115;190340;22254
11;OF 1721 C/AR EURO 5;20;SISTEMA DE COMBUSTIVEL;0048138;192838;29098
11;OF 1721 C/AR EURO 5;20;SISTEMA DE COMBUSTIVEL;0048140;191024;23993
11;OF 1721 C/AR EURO 5;20;SISTEMA DE COMBUSTIVEL;0048145;84213;22866
11;OF 1721 C/AR EURO 5;20;SISTEMA DE COMBUSTIVEL;0048149;165091;37800
11;OF 1721 C/AR EURO 5;20;SISTEMA DE COMBUSTIVEL;0048151;164734;4316
11;OF 1721 C/AR EURO 5;20;SISTEMA DE COMBUSTIVEL;0048152;134537;17268
11;OF 1721 C/AR EURO 5;20;SISTEMA DE COMBUSTIVEL;0048176;115535;8738
11;OF 1721 C/AR EURO 5;21;ARLA;0048001;111410;7217
11;OF 1721 C/AR EURO 5;21;ARLA;0048007;65016;22852
11;OF 1721 C/AR EURO 5;21;ARLA;0048010;49062;22277
11;OF 1721 C/AR EURO 5;21;ARLA;0048011;22475;22475
11;OF 1721 C/AR EURO 5;21;ARLA;0048013;42023;17882
11;OF 1721 C/AR EURO 5;21;ARLA;0048022;14851;14851
11;OF 1721 C/AR EURO 5;21;ARLA;0048024;131394;3857
11;OF 1721 C/AR EURO 5;21;ARLA;0048027;595;595
11;OF 1721 C/AR EURO 5;21;ARLA;0048029;171338;11198
11;OF 1721 C/AR EURO 5;21;ARLA;0048036;4655;4200
11;OF 1721 C/AR EURO 5;21;ARLA;0048039;116140;25909
11;OF 1721 C/AR EURO 5;21;ARLA;0048041;32814;25621
11;OF 1721 C/AR EURO 5;21;ARLA;0048043;42380;2902
11;OF 1721 C/AR EURO 5;21;ARLA;0048045;57580;12893
11;OF 1721 C/AR EURO 5;21;ARLA;0048053;22759;22759
11;OF 1721 C/AR EURO 5;21;ARLA;0048063;9156;9156
11;OF 1721 C/AR EURO 5;21;ARLA;0048066;80500;32790
11;OF 1721 C/AR EURO 5;21;ARLA;0048071;28228;20047
11;OF 1721 C/AR EURO 5;21;ARLA;0048079;55754;21317
11;OF 1721 C/AR EURO 5;21;ARLA;0048081;110402;18217
11;OF 1721 C/AR EURO 5;21;ARLA;0048082;97133;3864
11;OF 1721 C/AR EURO 5;21;ARLA;0048087;134920;33181
11;OF 1721 C/AR EURO 5;21;ARLA;0048088;26918;26918
11;OF 1721 C/AR EURO 5;21;ARLA;0048089;7724;7724
11;OF 1721 C/AR EURO 5;21;ARLA;0048102;157016;11352
11;OF 1721 C/AR EURO 5;21;ARLA;0048107;84062;34165
11;OF 1721 C/AR EURO 5;21;ARLA;0048109;57265;19049
11;OF 1721 C/AR EURO 5;21;ARLA;0048115;11052;9461
11;OF 1721 C/AR EURO 5;21;ARLA;0048130;31074;9987
11;OF 1721 C/AR EURO 5;21;ARLA;0048140;191024;23993
11;OF 1721 C/AR EURO 5;21;ARLA;0048153;71563;29584
11;OF 1721 C/AR EURO 5;21;ARLA;0048176;209156;8738
16;LO 916/48 C/AR EURO 5;1;MOTOR;0048009;44271;2052
16;LO 916/48 C/AR EURO 5;1;MOTOR;0048014;10865;10865
16;LO 916/48 C/AR EURO 5;1;MOTOR;0048018;39428;15911
16;LO 916/48 C/AR EURO 5;1;MOTOR;0048026;34333;4980
16;LO 916/48 C/AR EURO 5;1;MOTOR;0048050;33401;18560
16;LO 916/48 C/AR EURO 5;1;MOTOR;0048051;12179;2706
16;LO 916/48 C/AR EURO 5;1;MOTOR;0048052;2547;2547
16;LO 916/48 C/AR EURO 5;1;MOTOR;0048054;2551;2120
16;LO 916/48 C/AR EURO 5;1;MOTOR;0048055;138;138
16;LO 916/48 C/AR EURO 5;1;MOTOR;0048056;1609;552
16;LO 916/48 C/AR EURO 5;1;MOTOR;0048057;12873;520
16;LO 916/48 C/AR EURO 5;1;MOTOR;0048058;13506;6149
16;LO 916/48 C/AR EURO 5;1;MOTOR;0048060;23960;12307
16;LO 916/48 C/AR EURO 5;1;MOTOR;0048065;14323;10217
16;LO 916/48 C/AR EURO 5;1;MOTOR;0048067;10234;9980
16;LO 916/48 C/AR EURO 5;1;MOTOR;0048070;1255;1255
16;LO 916/48 C/AR EURO 5;1;MOTOR;0048072;36536;12313
16;LO 916/48 C/AR EURO 5;1;MOTOR;0048076;18359;522
16;LO 916/48 C/AR EURO 5;1;MOTOR;0048080;8934;8934
16;LO 916/48 C/AR EURO 5;2;ARREFECIMENTO;0048031;26243;15829
16;LO 916/48 C/AR EURO 5;2;ARREFECIMENTO;0048055;5019;5019
16;LO 916/48 C/AR EURO 5;2;ARREFECIMENTO;0048057;1691;1691
16;LO 916/48 C/AR EURO 5;2;ARREFECIMENTO;0048064;14200;14200
16;LO 916/48 C/AR EURO 5;2;ARREFECIMENTO;0048067;67691;9980
16;LO 916/48 C/AR EURO 5;2;ARREFECIMENTO;0048072;5170;5170
16;LO 916/48 C/AR EURO 5;2;ARREFECIMENTO;0048080;22528;11768
16;LO 916/48 C/AR EURO 5;3;EMBREAGEM;0048031;47654;15829
16;LO 916/48 C/AR EURO 5;3;EMBREAGEM;0048033;48890;13869
16;LO 916/48 C/AR EURO 5;3;EMBREAGEM;0048051;70103;39739
16;LO 916/48 C/AR EURO 5;3;EMBREAGEM;0048052;67242;36526
16;LO 916/48 C/AR EURO 5;3;EMBREAGEM;0048054;54030;35387
16;LO 916/48 C/AR EURO 5;3;EMBREAGEM;0048055;72681;9409
16;LO 916/48 C/AR EURO 5;3;EMBREAGEM;0048056;12845;552
16;LO 916/48 C/AR EURO 5;3;EMBREAGEM;0048057;44412;14675
16;LO 916/48 C/AR EURO 5;3;EMBREAGEM;0048064;57809;29570
16;LO 916/48 C/AR EURO 5;3;EMBREAGEM;0048067;89733;9980
16;LO 916/48 C/AR EURO 5;3;EMBREAGEM;0048070;116422;15310
16;LO 916/48 C/AR EURO 5;3;EMBREAGEM;0048072;6647;6647
16;LO 916/48 C/AR EURO 5;3;EMBREAGEM;0048078;1266;1266
16;LO 916/48 C/AR EURO 5;3;EMBREAGEM;0048080;21700;11768
16;LO 916/48 C/AR EURO 5;4;CAIXA DE MARCHA;0048014;41347;12062
16;LO 916/48 C/AR EURO 5;4;CAIXA DE MARCHA;0048033;48890;13869
16;LO 916/48 C/AR EURO 5;4;CAIXA DE MARCHA;0048044;19947;14303
16;LO 916/48 C/AR EURO 5;4;CAIXA DE MARCHA;0048051;87009;3195
16;LO 916/48 C/AR EURO 5;4;CAIXA DE MARCHA;0048056;27028;552
16;LO 916/48 C/AR EURO 5;4;CAIXA DE MARCHA;0048057;62847;520
16;LO 916/48 C/AR EURO 5;4;CAIXA DE MARCHA;0048064;82420;14386
16;LO 916/48 C/AR EURO 5;4;CAIXA DE MARCHA;0048067;14202;9980
16;LO 916/48 C/AR EURO 5;4;CAIXA DE MARCHA;0048070;11131;11131
16;LO 916/48 C/AR EURO 5;4;CAIXA DE MARCHA;0048076;20493;522
16;LO 916/48 C/AR EURO 5;4;CAIXA DE MARCHA;0048078;28566;11589
16;LO 916/48 C/AR EURO 5;4;CAIXA DE MARCHA;0048080;21933;11768
16;LO 916/48 C/AR EURO 5;5;EIXO DIANTEIRO;0048033;36386;13869
16;LO 916/48 C/AR EURO 5;5;EIXO DIANTEIRO;0048051;70995;39739
16;LO 916/48 C/AR EURO 5;5;EIXO DIANTEIRO;0048070;22838;15310
16;LO 916/48 C/AR EURO 5;5;EIXO DIANTEIRO;0048080;61381;11768
16;LO 916/48 C/AR EURO 5;6;EIXO TRASEIRO;0048051;20468;20468
16;LO 916/48 C/AR EURO 5;6;EIXO TRASEIRO;0048052;22730;22730
16;LO 916/48 C/AR EURO 5;6;EIXO TRASEIRO;0048055;11248;9409
16;LO 916/48 C/AR EURO 5;6;EIXO TRASEIRO;0048056;69774;552
16;LO 916/48 C/AR EURO 5;6;EIXO TRASEIRO;0048057;54097;14675
16;LO 916/48 C/AR EURO 5;6;EIXO TRASEIRO;0048064;47625;1401
16;LO 916/48 C/AR EURO 5;6;EIXO TRASEIRO;0048067;25134;9980
16;LO 916/48 C/AR EURO 5;6;EIXO TRASEIRO;0048070;22673;15310
16;LO 916/48 C/AR EURO 5;6;EIXO TRASEIRO;0048072;36924;21554
16;LO 916/48 C/AR EURO 5;6;EIXO TRASEIRO;0048080;21933;11768
16;LO 916/48 C/AR EURO 5;6;EIXO TRASEIRO;0048084;18627;3852
16;LO 916/48 C/AR EURO 5;7;SUSPENSAO;0048009;8405;8405
16;LO 916/48 C/AR EURO 5;7;SUSPENSAO;0048014;7585;7585
16;LO 916/48 C/AR EURO 5;7;SUSPENSAO;0048018;9871;9871
16;LO 916/48 C/AR EURO 5;7;SUSPENSAO;0048026;10353;10353
16;LO 916/48 C/AR EURO 5;7;SUSPENSAO;0048031;2791;2791
16;LO 916/48 C/AR EURO 5;7;SUSPENSAO;0048033;4484;4484
16;LO 916/48 C/AR EURO 5;7;SUSPENSAO;0048044;7269;7269
16;LO 916/48 C/AR EURO 5;7;SUSPENSAO;0048050;3318;3318
16;LO 916/48 C/AR EURO 5;7;SUSPENSAO;0048051;811;811
16;LO 916/48 C/AR EURO 5;7;SUSPENSAO;0048052;4043;4043
16;LO 916/48 C/AR EURO 5;7;SUSPENSAO;0048054;8374;8374
16;LO 916/48 C/AR EURO 5;7;SUSPENSAO;0048055;8743;8743
16;LO 916/48 C/AR EURO 5;7;SUSPENSAO;0048056;5333;552
16;LO 916/48 C/AR EURO 5;7;SUSPENSAO;0048057;1133;1133
16;LO 916/48 C/AR EURO 5;7;SUSPENSAO;0048058;332;332
16;LO 916/48 C/AR EURO 5;7;SUSPENSAO;0048060;859;859
16;LO 916/48 C/AR EURO 5;7;SUSPENSAO;0048064;6922;6922
16;LO 916/48 C/AR EURO 5;7;SUSPENSAO;0048065;1474;1474
16;LO 916/48 C/AR EURO 5;7;SUSPENSAO;0048067;3354;3354
16;LO 916/48 C/AR EURO 5;7;SUSPENSAO;0048070;1255;1255
16;LO 916/48 C/AR EURO 5;7;SUSPENSAO;0048072;4297;4297
16;LO 916/48 C/AR EURO 5;7;SUSPENSAO;0048076;2582;2582
16;LO 916/48 C/AR EURO 5;7;SUSPENSAO;0048078;5356;5356
16;LO 916/48 C/AR EURO 5;7;SUSPENSAO;0048080;2631;2631
16;LO 916/48 C/AR EURO 5;7;SUSPENSAO;0048084;0;0
16;LO 916/48 C/AR EURO 5;8;DIRECAO  HIDRAULICA;0048018;684;684
16;LO 916/48 C/AR EURO 5;8;DIRECAO  HIDRAULICA;0048051;1009;1009
16;LO 916/48 C/AR EURO 5;8;DIRECAO  HIDRAULICA;0048057;31964;14675
16;LO 916/48 C/AR EURO 5;8;DIRECAO  HIDRAULICA;0048058;28323;6149
16;LO 916/48 C/AR EURO 5;8;DIRECAO  HIDRAULICA;0048070;2524;2524
16;LO 916/48 C/AR EURO 5;8;DIRECAO  HIDRAULICA;0048072;57427;21554
16;LO 916/48 C/AR EURO 5;8;DIRECAO  HIDRAULICA;0048084;93429;12448
16;LO 916/48 C/AR EURO 5;9;TRANSMISSAO;0048057;31297;14675
16;LO 916/48 C/AR EURO 5;9;TRANSMISSAO;0048080;67037;11768
16;LO 916/48 C/AR EURO 5;10;FREIO;0048009;27011;18258
16;LO 916/48 C/AR EURO 5;10;FREIO;0048014;28279;21259
16;LO 916/48 C/AR EURO 5;10;FREIO;0048018;1442;1442
16;LO 916/48 C/AR EURO 5;10;FREIO;0048026;13522;11462
16;LO 916/48 C/AR EURO 5;10;FREIO;0048031;22864;15829
16;LO 916/48 C/AR EURO 5;10;FREIO;0048033;18328;13869
16;LO 916/48 C/AR EURO 5;10;FREIO;0048044;1078;1078
16;LO 916/48 C/AR EURO 5;10;FREIO;0048050;6942;6942
16;LO 916/48 C/AR EURO 5;10;FREIO;0048051;1009;1009
16;LO 916/48 C/AR EURO 5;10;FREIO;0048052;10039;10039
16;LO 916/48 C/AR EURO 5;10;FREIO;0048054;1762;1762
16;LO 916/48 C/AR EURO 5;10;FREIO;0048055;11248;9409
16;LO 916/48 C/AR EURO 5;10;FREIO;0048056;8963;552
16;LO 916/48 C/AR EURO 5;10;FREIO;0048057;15381;14675
16;LO 916/48 C/AR EURO 5;10;FREIO;0048058;28323;6149
16;LO 916/48 C/AR EURO 5;10;FREIO;0048060;31053;12307
16;LO 916/48 C/AR EURO 5;10;FREIO;0048064;15566;15566
16;LO 916/48 C/AR EURO 5;10;FREIO;0048065;11559;10217
16;LO 916/48 C/AR EURO 5;10;FREIO;0048067;5761;5761
16;LO 916/48 C/AR EURO 5;10;FREIO;0048070;7616;7616
16;LO 916/48 C/AR EURO 5;10;FREIO;0048072;2653;2653
16;LO 916/48 C/AR EURO 5;10;FREIO;0048076;522;522
16;LO 916/48 C/AR EURO 5;10;FREIO;0048078;11817;11589
16;LO 916/48 C/AR EURO 5;10;FREIO;0048080;21933;11768
16;LO 916/48 C/AR EURO 5;10;FREIO;0048084;7229;7229
16;LO 916/48 C/AR EURO 5;12;ELETRICA;0048009;0;0
16;LO 916/48 C/AR EURO 5;12;ELETRICA;0048014;3576;916
16;LO 916/48 C/AR EURO 5;12;ELETRICA;0048018;1442;936
16;LO 916/48 C/AR EURO 5;12;ELETRICA;0048026;43691;494
16;LO 916/48 C/AR EURO 5;12;ELETRICA;0048031;897;677
16;LO 916/48 C/AR EURO 5;12;ELETRICA;0048033;6091;1029
16;LO 916/48 C/AR EURO 5;12;ELETRICA;0048044;869;869
16;LO 916/48 C/AR EURO 5;12;ELETRICA;0048050;7210;2348
16;LO 916/48 C/AR EURO 5;12;ELETRICA;0048051;5689;2950
16;LO 916/48 C/AR EURO 5;12;ELETRICA;0048052;2410;2410
16;LO 916/48 C/AR EURO 5;12;ELETRICA;0048054;5352;2280
16;LO 916/48 C/AR EURO 5;12;ELETRICA;0048055;2228;1720
16;LO 916/48 C/AR EURO 5;12;ELETRICA;0048056;18087;552
16;LO 916/48 C/AR EURO 5;12;ELETRICA;0048057;3286;2452
16;LO 916/48 C/AR EURO 5;12;ELETRICA;0048058;3791;1097
16;LO 916/48 C/AR EURO 5;12;ELETRICA;0048060;419;419
16;LO 916/48 C/AR EURO 5;12;ELETRICA;0048064;814;814
16;LO 916/48 C/AR EURO 5;12;ELETRICA;0048065;446;446
16;LO 916/48 C/AR EURO 5;12;ELETRICA;0048067;3786;2886
16;LO 916/48 C/AR EURO 5;12;ELETRICA;0048070;160;160
16;LO 916/48 C/AR EURO 5;12;ELETRICA;0048072;5170;1022
16;LO 916/48 C/AR EURO 5;12;ELETRICA;0048076;6316;953
16;LO 916/48 C/AR EURO 5;12;ELETRICA;0048078;11589;1012
16;LO 916/48 C/AR EURO 5;12;ELETRICA;0048080;41505;1551
16;LO 916/48 C/AR EURO 5;12;ELETRICA;0048084;4260;1675
16;LO 916/48 C/AR EURO 5;14;BORRACHARIA;0048014;3829;3829
16;LO 916/48 C/AR EURO 5;14;BORRACHARIA;0048018;13952;431
16;LO 916/48 C/AR EURO 5;14;BORRACHARIA;0048026;20880;2189
16;LO 916/48 C/AR EURO 5;14;BORRACHARIA;0048031;47654;2571
16;LO 916/48 C/AR EURO 5;14;BORRACHARIA;0048051;59353;1009
16;LO 916/48 C/AR EURO 5;14;BORRACHARIA;0048054;966;966
16;LO 916/48 C/AR EURO 5;14;BORRACHARIA;0048055;44057;1720
16;LO 916/48 C/AR EURO 5;14;BORRACHARIA;0048056;62946;552
16;LO 916/48 C/AR EURO 5;14;BORRACHARIA;0048057;15381;2452
16;LO 916/48 C/AR EURO 5;14;BORRACHARIA;0048060;36519;2670
16;LO 916/48 C/AR EURO 5;14;BORRACHARIA;0048064;66268;2223
16;LO 916/48 C/AR EURO 5;14;BORRACHARIA;0048067;59200;2886
16;LO 916/48 C/AR EURO 5;14;BORRACHARIA;0048070;14323;894
16;LO 916/48 C/AR EURO 5;14;BORRACHARIA;0048072;56318;1022
16;LO 916/48 C/AR EURO 5;14;BORRACHARIA;0048076;522;522
16;LO 916/48 C/AR EURO 5;14;BORRACHARIA;0048078;42786;2038
16;LO 916/48 C/AR EURO 5;14;BORRACHARIA;0048080;6466;1551
16;LO 916/48 C/AR EURO 5;14;BORRACHARIA;0048084;28936;1675
16;LO 916/48 C/AR EURO 5;15;SISTEMA PNEUMATICO;0048014;38722;21259
16;LO 916/48 C/AR EURO 5;15;SISTEMA PNEUMATICO;0048018;25236;25236
16;LO 916/48 C/AR EURO 5;15;SISTEMA PNEUMATICO;0048026;2605;2605
16;LO 916/48 C/AR EURO 5;15;SISTEMA PNEUMATICO;0048033;10459;10459
16;LO 916/48 C/AR EURO 5;15;SISTEMA PNEUMATICO;0048044;12696;12696
16;LO 916/48 C/AR EURO 5;15;SISTEMA PNEUMATICO;0048050;18560;18560
16;LO 916/48 C/AR EURO 5;15;SISTEMA PNEUMATICO;0048051;13638;13638
16;LO 916/48 C/AR EURO 5;15;SISTEMA PNEUMATICO;0048055;23282;9409
16;LO 916/48 C/AR EURO 5;15;SISTEMA PNEUMATICO;0048056;9473;552
16;LO 916/48 C/AR EURO 5;15;SISTEMA PNEUMATICO;0048057;6945;6945
16;LO 916/48 C/AR EURO 5;15;SISTEMA PNEUMATICO;0048060;45765;12307
16;LO 916/48 C/AR EURO 5;15;SISTEMA PNEUMATICO;0048065;34291;10217
16;LO 916/48 C/AR EURO 5;15;SISTEMA PNEUMATICO;0048067;11600;9980
16;LO 916/48 C/AR EURO 5;15;SISTEMA PNEUMATICO;0048070;5235;5235
16;LO 916/48 C/AR EURO 5;15;SISTEMA PNEUMATICO;0048072;15124;15124
16;LO 916/48 C/AR EURO 5;15;SISTEMA PNEUMATICO;0048080;1199;1199
16;LO 916/48 C/AR EURO 5;15;SISTEMA PNEUMATICO;0048084;28936;12448
16;LO 916/48 C/AR EURO 5;16;TACOGRAFO;0048051;11133;11133
16;LO 916/48 C/AR EURO 5;16;TACOGRAFO;0048067;9634;9634
16;LO 916/48 C/AR EURO 5;16;TACOGRAFO;0048072;114382;21554
16;LO 916/48 C/AR EURO 5;18;AR CONDICIONADO;0048014;20502;916
16;LO 916/48 C/AR EURO 5;18;AR CONDICIONADO;0048018;10975;936
16;LO 916/48 C/AR EURO 5;18;AR CONDICIONADO;0048031;8698;677
16;LO 916/48 C/AR EURO 5;18;AR CONDICIONADO;0048044;28302;3017
16;LO 916/48 C/AR EURO 5;18;AR CONDICIONADO;0048050;26308;2348
16;LO 916/48 C/AR EURO 5;18;AR CONDICIONADO;0048052;30979;2777
16;LO 916/48 C/AR EURO 5;18;AR CONDICIONADO;0048055;23537;1720
16;LO 916/48 C/AR EURO 5;18;AR CONDICIONADO;0048056;32237;552
16;LO 916/48 C/AR EURO 5;18;AR CONDICIONADO;0048057;7397;2452
16;LO 916/48 C/AR EURO 5;18;AR CONDICIONADO;0048058;3025;1097
16;LO 916/48 C/AR EURO 5;18;AR CONDICIONADO;0048064;50943;2223
16;LO 916/48 C/AR EURO 5;18;AR CONDICIONADO;0048065;2573;658
16;LO 916/48 C/AR EURO 5;18;AR CONDICIONADO;0048067;5761;2886
16;LO 916/48 C/AR EURO 5;18;AR CONDICIONADO;0048070;7394;894
16;LO 916/48 C/AR EURO 5;18;AR CONDICIONADO;0048072;7645;1022
16;LO 916/48 C/AR EURO 5;18;AR CONDICIONADO;0048080;43955;1551
16;LO 916/48 C/AR EURO 5;18;AR CONDICIONADO;0048084;34315;1675
16;LO 916/48 C/AR EURO 5;20;SISTEMA DE COMBUSTIVEL;0048050;6942;6942
16;LO 916/48 C/AR EURO 5;21;ARLA;0048084;5768;5768
17;LO 916/48 C/AR EURO 6;1;MOTOR;0048037;14358;3498
17;LO 916/48 C/AR EURO 6;1;MOTOR;0048069;14771;217
17;LO 916/48 C/AR EURO 6;1;MOTOR;0048077;1158;384
17;LO 916/48 C/AR EURO 6;7;SUSPENSAO;0048030;4974;4974
17;LO 916/48 C/AR EURO 6;7;SUSPENSAO;0048037;2298;2298
17;LO 916/48 C/AR EURO 6;7;SUSPENSAO;0048049;2505;2505
17;LO 916/48 C/AR EURO 6;7;SUSPENSAO;0048077;155;155
17;LO 916/48 C/AR EURO 6;10;FREIO;0048069;644;644
17;LO 916/48 C/AR EURO 6;12;ELETRICA;0048030;17808;2124
17;LO 916/48 C/AR EURO 6;12;ELETRICA;0048034;4963;1560
17;LO 916/48 C/AR EURO 6;12;ELETRICA;0048037;23614;3498
17;LO 916/48 C/AR EURO 6;12;ELETRICA;0048049;555;555
17;LO 916/48 C/AR EURO 6;12;ELETRICA;0048062;4267;1980
17;LO 916/48 C/AR EURO 6;12;ELETRICA;0048077;19240;1332
17;LO 916/48 C/AR EURO 6;15;SISTEMA PNEUMATICO;0048034;14036;14036
17;LO 916/48 C/AR EURO 6;15;SISTEMA PNEUMATICO;0048046;8647;8647
17;LO 916/48 C/AR EURO 6;15;SISTEMA PNEUMATICO;0048069;19047;19047
17;LO 916/48 C/AR EURO 6;18;AR CONDICIONADO;0048061;9198;4192
17;LO 916/48 C/AR EURO 6;18;AR CONDICIONADO;0048077;8511;1332
18;1721 L C/AR - EURO 6;1;MOTOR;0048125;12753;12753
18;1721 L C/AR - EURO 6;3;EMBREAGEM;0048068;3688;3688
18;1721 L C/AR - EURO 6;3;EMBREAGEM;0048090;2522;2522
18;1721 L C/AR - EURO 6;3;EMBREAGEM;0048119;2920;2920
18;1721 L C/AR - EURO 6;3;EMBREAGEM;0048125;12413;12413
18;1721 L C/AR - EURO 6;3;EMBREAGEM;0048146;13217;13217
18;1721 L C/AR - EURO 6;3;EMBREAGEM;0048179;12610;12610
18;1721 L C/AR - EURO 6;4;CAIXA DE MARCHA;0048047;0;0
18;1721 L C/AR - EURO 6;4;CAIXA DE MARCHA;0048090;5035;5035
18;1721 L C/AR - EURO 6;4;CAIXA DE MARCHA;0048113;8832;8832
18;1721 L C/AR - EURO 6;4;CAIXA DE MARCHA;0048122;10779;1016
18;1721 L C/AR - EURO 6;4;CAIXA DE MARCHA;0048178;4758;1358
18;1721 L C/AR - EURO 6;7;SUSPENSAO;0048113;10367;10367
18;1721 L C/AR - EURO 6;10;FREIO;0048179;4602;4602
18;1721 L C/AR - EURO 6;12;ELETRICA;0048090;4187;4187
18;1721 L C/AR - EURO 6;12;ELETRICA;0048119;20949;1967
18;1721 L C/AR - EURO 6;12;ELETRICA;0048122;7450;2374
18;1721 L C/AR - EURO 6;12;ELETRICA;0048125;2381;2381
18;1721 L C/AR - EURO 6;12;ELETRICA;0048178;1358;1358
18;1721 L C/AR - EURO 6;12;ELETRICA;0048179;13615;5742
18;1721 L C/AR - EURO 6;15;SISTEMA PNEUMATICO;0048068;15391;15391
18;1721 L C/AR - EURO 6;15;SISTEMA PNEUMATICO;0048122;8803;8803
18;1721 L C/AR - EURO 6;15;SISTEMA PNEUMATICO;0048146;4260;4260
18;1721 L C/AR - EURO 6;15;SISTEMA PNEUMATICO;0048179;9384;9384
18;1721 L C/AR - EURO 6;18;AR CONDICIONADO;0048090;17142;4523
18;1721 L C/AR - EURO 6;18;AR CONDICIONADO;0048113;11110;2376
18;1721 L C/AR - EURO 6;18;AR CONDICIONADO;0048179;11940;5742
